{"cameraMode":{"drawMode":0,"name":"Shaded","section":"Shading Mode"},"sceneLighting":true,"audioPlay":false,"sceneViewState":{"m_AlwaysRefresh":false,"showFog":true,"showSkybox":true,"showFlares":true,"showImageEffects":true,"showParticleSystems":true,"showVisualEffectGraphs":true,"m_FxEnabled":true},"in2DMode":false,"pivot":{"x":510.68157958984377,"y":207.24359130859376,"z":234.5314483642578},"rotation":{"x":0.05836574733257294,"y":0.05866634100675583,"z":-0.0034370047505944969,"w":0.9965772032737732},"size":653.7291870117188,"orthographic":false}